File Output Time:,25.06.2024 10:17:36
System:,RSEL

ROM Type,Version   ,Date
Main_A,V1.09,2021/04/07 15:00:00

Axis group1 axis configuration information,Actuator type,Actuator serial code,Driver unit version,Driver unit serial code
Axis1(Unit1 Drv0),,B30330754       ,AA17000D,B30330760       
Axis2(Unit2 Drv0),,B30330755       ,AA17000D,B30330761       
Axis3(Unit3 Drv0),,B30330758       ,AA17000D,B30330764       
Axis group2 axis configuration information,Actuator type,Actuator serial code,Driver unit version,Driver unit serial code
Axis1(Unit0 Drv0),RCP6-SA8R,B30451459       ,AE5B000C,B30451461       

No.,Err,Message,Date,Prg. No.,Step No.,Axes Grp. No.,Axis No.,Unit No.,Drv. No.,Pos. No.,Dtl. code,Info. 1,Info. 2,Info. 3,Info. 4
1,101,Controller power-on log,2024/06/25 17:01:23,0,0,0,0,0,0,0,824h,DCh,0h,0h,0h
2,60C,Fieldbus FBRS link error,2024/06/21 16:54:48,0,0,0,0,0,0,0,D5Dh,160018h,1211h,0h,0h
3,101,Controller power-on log,2024/06/21 16:14:55,0,0,0,0,0,0,0,824h,DCh,0h,0h,0h
4,60C,Fieldbus FBRS link error,2024/06/20 21:56:57,0,0,0,0,0,0,0,D5Dh,160018h,1211h,0h,0h
5,101,Controller power-on log,2024/06/20 14:57:32,0,0,0,0,0,0,0,824h,DCh,0h,0h,0h
6,60C,Fieldbus FBRS link error,2024/06/19 22:41:59,0,0,0,0,0,0,0,D5Dh,160018h,1211h,0h,0h
7,101,Controller power-on log,2024/06/19 19:21:43,0,0,0,0,0,0,0,824h,DCh,0h,0h,0h
8,60C,Fieldbus FBRS link error,2024/06/18 21:49:41,0,0,0,0,0,0,0,D5Dh,160018h,1211h,0h,0h
9,101,Controller power-on log,2024/06/18 14:10:54,0,0,0,0,0,0,0,824h,DCh,0h,0h,0h
10,60C,Fieldbus FBRS link error,2024/06/17 22:22:42,0,0,0,0,0,0,0,D5Dh,160018h,1211h,0h,0h
11,101,Controller power-on log,2024/06/17 19:55:02,0,0,0,0,0,0,0,824h,DCh,0h,0h,0h
12,60C,Fieldbus FBRS link error,2024/06/17 19:09:55,0,0,0,0,0,0,0,D5Dh,160018h,1211h,0h,0h
13,101,Controller power-on log,2024/06/17 14:48:07,0,0,0,0,0,0,0,824h,DCh,0h,0h,0h
14,60C,Fieldbus FBRS link error,2024/06/14 21:17:27,0,0,0,0,0,0,0,D5Dh,160018h,1211h,0h,0h
15,101,Controller power-on log,2024/06/14 14:00:29,0,0,0,0,0,0,0,824h,DCh,0h,0h,0h
16,60C,Fieldbus FBRS link error,2024/06/13 22:06:49,0,0,0,0,0,0,0,D5Dh,160018h,1211h,0h,0h
17,101,Controller power-on log,2024/06/13 13:56:50,0,0,0,0,0,0,0,824h,DCh,0h,0h,0h
18,60C,Fieldbus FBRS link error,2024/06/12 22:14:32,0,0,0,0,0,0,0,D5Dh,160018h,1211h,0h,0h
19,101,Controller power-on log,2024/06/12 15:02:12,0,0,0,0,0,0,0,824h,DCh,0h,0h,0h
20,60C,Fieldbus FBRS link error,2024/06/11 23:04:19,0,0,0,0,0,0,0,D5Dh,160018h,1211h,0h,0h
21,101,Controller power-on log,2024/06/11 19:20:10,0,0,0,0,0,0,0,824h,DCh,0h,0h,0h
22,60C,Fieldbus FBRS link error,2024/06/10 23:09:38,0,0,0,0,0,0,0,D5Dh,160018h,1211h,0h,0h
23,101,Controller power-on log,2024/06/10 17:32:32,0,0,0,0,0,0,0,824h,DCh,0h,0h,0h
24,60C,Fieldbus FBRS link error,2024/06/10 17:25:29,0,0,0,0,0,0,0,D5Dh,160018h,1211h,0h,0h
25,101,Controller power-on log,2024/06/10 14:02:22,0,0,0,0,0,0,0,824h,DCh,0h,0h,0h
26,60C,Fieldbus FBRS link error,2024/06/07 21:36:15,0,0,0,0,0,0,0,D5Dh,160018h,1211h,0h,0h
27,101,Controller power-on log,2024/06/07 14:03:34,0,0,0,0,0,0,0,824h,DCh,0h,0h,0h
28,60C,Fieldbus FBRS link error,2024/06/07 00:26:47,0,0,0,0,0,0,0,D5Dh,160018h,1211h,0h,0h
29,101,Controller power-on log,2024/06/06 15:44:47,0,0,0,0,0,0,0,824h,DCh,0h,0h,0h
30,60C,Fieldbus FBRS link error,2024/06/06 14:42:27,0,0,0,0,0,0,0,D5Dh,160018h,1211h,0h,0h
31,101,Controller power-on log,2024/06/06 14:05:00,0,0,0,0,0,0,0,824h,DCh,0h,0h,0h
32,60C,Fieldbus FBRS link error,2024/06/05 21:17:55,0,0,0,0,0,0,0,D5Dh,160018h,1211h,0h,0h
33,101,Controller power-on log,2024/06/05 14:35:56,0,0,0,0,0,0,0,824h,DCh,0h,0h,0h
34,60C,Fieldbus FBRS link error,2024/06/04 22:11:05,0,0,0,0,0,0,0,D5Dh,160018h,1211h,0h,0h
35,101,Controller power-on log,2024/06/04 13:58:40,0,0,0,0,0,0,0,824h,DCh,0h,0h,0h
36,60C,Fieldbus FBRS link error,2024/06/03 22:37:32,0,0,0,0,0,0,0,D5Dh,160018h,1211h,0h,0h
37,101,Controller power-on log,2024/06/03 14:36:18,0,0,0,0,0,0,0,824h,DCh,0h,0h,0h
38,60C,Fieldbus FBRS link error,2024/05/31 21:54:31,0,0,0,0,0,0,0,D5Dh,160018h,1211h,0h,0h
39,101,Controller power-on log,2024/05/31 16:55:15,0,0,0,0,0,0,0,824h,DCh,0h,0h,0h
40,60C,Fieldbus FBRS link error,2024/05/31 16:40:46,0,0,0,0,0,0,0,D5Dh,160018h,1211h,0h,0h
41,101,Controller power-on log,2024/05/31 16:38:45,0,0,0,0,0,0,0,824h,DCh,0h,0h,0h
42,60C,Fieldbus FBRS link error,2024/05/31 16:33:13,0,0,0,0,0,0,0,D5Dh,160018h,1211h,0h,0h
43,101,Controller power-on log,2024/05/31 16:28:15,0,0,0,0,0,0,0,824h,DCh,0h,0h,0h
44,60C,Fieldbus FBRS link error,2024/05/31 15:47:58,0,0,0,0,0,0,0,D5Dh,160018h,1211h,0h,0h
45,101,Controller power-on log,2024/05/31 14:48:56,0,0,0,0,0,0,0,824h,DCh,0h,0h,0h
46,60C,Fieldbus FBRS link error,2024/05/30 22:56:43,0,0,0,0,0,0,0,D5Dh,160018h,1211h,0h,0h
47,101,Controller power-on log,2024/05/30 19:53:11,0,0,0,0,0,0,0,824h,DCh,0h,0h,0h
48,60C,Fieldbus FBRS link error,2024/05/30 19:52:50,0,0,0,0,0,0,0,D5Dh,160018h,1211h,0h,0h
49,101,Controller power-on log,2024/05/30 13:08:11,0,0,0,0,0,0,0,824h,DCh,0h,0h,0h
50,60C,Fieldbus FBRS link error,2024/05/29 23:56:41,0,0,0,0,0,0,0,D5Dh,160018h,1211h,0h,0h
51,101,Controller power-on log,2024/05/29 12:44:20,0,0,0,0,0,0,0,824h,DCh,0h,0h,0h
52,60C,Fieldbus FBRS link error,2024/05/28 23:55:16,0,0,0,0,0,0,0,D5Dh,160018h,1211h,0h,0h
53,101,Controller power-on log,2024/05/28 14:16:38,0,0,0,0,0,0,0,824h,DCh,0h,0h,0h
54,60C,Fieldbus FBRS link error,2024/05/27 22:52:43,0,0,0,0,0,0,0,D5Dh,160018h,1211h,0h,0h
55,101,Controller power-on log,2024/05/27 14:10:41,0,0,0,0,0,0,0,824h,DCh,0h,0h,0h
56,60C,Fieldbus FBRS link error,2024/05/24 22:07:00,0,0,0,0,0,0,0,D5Dh,160018h,1211h,0h,0h
57,101,Controller power-on log,2024/05/24 14:01:30,0,0,0,0,0,0,0,824h,DCh,0h,0h,0h
58,60C,Fieldbus FBRS link error,2024/05/23 22:56:31,0,0,0,0,0,0,0,D5Dh,160018h,1211h,0h,0h
59,101,Controller power-on log,2024/05/23 15:03:40,0,0,0,0,0,0,0,824h,DCh,0h,0h,0h
60,60C,Fieldbus FBRS link error,2024/05/22 22:18:55,0,0,0,0,0,0,0,D5Dh,160018h,1211h,0h,0h
61,101,Controller power-on log,2024/05/22 14:03:06,0,0,0,0,0,0,0,824h,DCh,0h,0h,0h
62,60C,Fieldbus FBRS link error,2024/05/21 22:27:27,0,0,0,0,0,0,0,D5Dh,160018h,1211h,0h,0h
63,101,Controller power-on log,2024/05/21 14:18:41,0,0,0,0,0,0,0,824h,DCh,0h,0h,0h
64,60C,Fieldbus FBRS link error,2024/05/20 22:18:17,0,0,0,0,0,0,0,D5Dh,160018h,1211h,0h,0h
65,101,Controller power-on log,2024/05/20 18:21:31,0,0,0,0,0,0,0,824h,DCh,0h,0h,0h
66,60C,Fieldbus FBRS link error,2024/05/17 21:38:18,0,0,0,0,0,0,0,D5Dh,160018h,1211h,0h,0h
67,101,Controller power-on log,2024/05/17 13:02:44,0,0,0,0,0,0,0,824h,DCh,0h,0h,0h
68,60C,Fieldbus FBRS link error,2024/05/16 22:16:01,0,0,0,0,0,0,0,D5Dh,160018h,1211h,0h,0h
69,101,Controller power-on log,2024/05/16 14:40:53,0,0,0,0,0,0,0,824h,DCh,0h,0h,0h
70,60C,Fieldbus FBRS link error,2024/05/15 22:45:01,0,0,0,0,0,0,0,D5Dh,160018h,1211h,0h,0h
71,101,Controller power-on log,2024/05/15 20:15:57,0,0,0,0,0,0,0,824h,DCh,0h,0h,0h
72,60C,Fieldbus FBRS link error,2024/05/15 20:15:33,0,0,0,0,0,0,0,D5Dh,160018h,1211h,0h,0h
73,101,Controller power-on log,2024/05/15 16:06:30,0,0,0,0,0,0,0,824h,DCh,0h,0h,0h
74,60C,Fieldbus FBRS link error,2024/05/14 23:42:56,0,0,0,0,0,0,0,D5Dh,160018h,1211h,0h,0h
75,101,Controller power-on log,2024/05/14 15:34:07,0,0,0,0,0,0,0,824h,DCh,0h,0h,0h
76,60C,Fieldbus FBRS link error,2024/05/14 15:32:10,0,0,0,0,0,0,0,D5Dh,160018h,1211h,0h,0h
77,101,Controller power-on log,2024/05/14 15:15:28,0,0,0,0,0,0,0,824h,DCh,0h,0h,0h
78,60C,Fieldbus FBRS link error,2024/05/13 21:28:18,0,0,0,0,0,0,0,D5Dh,160018h,1211h,0h,0h
79,101,Controller power-on log,2024/05/13 15:24:00,0,0,0,0,0,0,0,824h,DCh,0h,0h,0h
80,60C,Fieldbus FBRS link error,2024/05/10 20:35:18,0,0,0,0,0,0,0,D5Dh,160018h,1211h,0h,0h
81,101,Controller power-on log,2024/05/10 14:56:23,0,0,0,0,0,0,0,824h,DCh,0h,0h,0h
82,60C,Fieldbus FBRS link error,2024/05/09 21:09:20,0,0,0,0,0,0,0,D5Dh,160018h,1211h,0h,0h
83,101,Controller power-on log,2024/05/09 16:22:29,0,0,0,0,0,0,0,824h,DCh,0h,0h,0h
84,60C,Fieldbus FBRS link error,2024/05/09 16:22:12,0,0,0,0,0,0,0,D5Dh,160018h,1211h,0h,0h
85,101,Controller power-on log,2024/05/09 14:30:46,0,0,0,0,0,0,0,824h,DCh,0h,0h,0h
86,60C,Fieldbus FBRS link error,2024/05/07 22:10:02,0,0,0,0,0,0,0,D5Dh,160018h,1211h,0h,0h
87,101,Controller power-on log,2024/05/07 20:02:18,0,0,0,0,0,0,0,824h,DCh,0h,0h,0h
88,60C,Fieldbus FBRS link error,2024/05/06 22:12:23,0,0,0,0,0,0,0,D5Dh,160018h,1211h,0h,0h
89,101,Controller power-on log,2024/05/06 14:26:18,0,0,0,0,0,0,0,824h,DCh,0h,0h,0h
90,60C,Fieldbus FBRS link error,2024/05/03 22:49:25,0,0,0,0,0,0,0,D5Dh,160018h,1211h,0h,0h
91,101,Controller power-on log,2024/05/03 14:12:31,0,0,0,0,0,0,0,824h,DCh,0h,0h,0h
92,60C,Fieldbus FBRS link error,2024/05/02 21:52:59,0,0,0,0,0,0,0,D5Dh,160018h,1211h,0h,0h
93,101,Controller power-on log,2024/05/02 14:10:51,0,0,0,0,0,0,0,824h,DCh,0h,0h,0h
94,60C,Fieldbus FBRS link error,2024/04/30 22:03:17,0,0,0,0,0,0,0,D5Dh,160018h,1211h,0h,0h
95,101,Controller power-on log,2024/04/30 14:13:28,0,0,0,0,0,0,0,824h,DCh,0h,0h,0h
96,60C,Fieldbus FBRS link error,2024/04/30 14:11:42,0,0,0,0,0,0,0,D5Dh,160018h,1211h,0h,0h
97,101,Controller power-on log,2024/04/30 14:10:59,0,0,0,0,0,0,0,824h,DCh,0h,0h,0h
98,60C,Fieldbus FBRS link error,2024/04/29 23:38:15,0,0,0,0,0,0,0,D5Dh,160018h,1211h,0h,0h
99,101,Controller power-on log,2024/04/29 14:36:02,0,0,0,0,0,0,0,824h,DCh,0h,0h,0h
100,60C,Fieldbus FBRS link error,2024/04/26 22:02:08,0,0,0,0,0,0,0,D5Dh,160018h,1211h,0h,0h
101,101,Controller power-on log,2024/04/26 13:41:17,0,0,0,0,0,0,0,824h,DCh,0h,0h,0h
102,60C,Fieldbus FBRS link error,2024/04/25 22:16:35,0,0,0,0,0,0,0,D5Dh,160018h,1211h,0h,0h
103,101,Controller power-on log,2024/04/25 14:29:40,0,0,0,0,0,0,0,824h,DCh,0h,0h,0h
104,60C,Fieldbus FBRS link error,2024/04/25 00:26:23,0,0,0,0,0,0,0,D5Dh,160018h,1211h,0h,0h
105,101,Controller power-on log,2024/04/24 14:42:37,0,0,0,0,0,0,0,824h,DCh,0h,0h,0h
106,60C,Fieldbus FBRS link error,2024/04/24 01:32:32,0,0,0,0,0,0,0,D5Dh,160018h,1211h,0h,0h
107,101,Controller power-on log,2024/04/23 16:12:06,0,0,0,0,0,0,0,824h,DCh,0h,0h,0h
108,60C,Fieldbus FBRS link error,2024/04/23 16:11:44,0,0,0,0,0,0,0,D5Dh,160018h,1211h,0h,0h
109,101,Controller power-on log,2024/04/23 14:05:43,0,0,0,0,0,0,0,824h,DCh,0h,0h,0h
110,60C,Fieldbus FBRS link error,2024/04/23 01:53:42,0,0,0,0,0,0,0,D5Dh,160018h,1211h,0h,0h
111,101,Controller power-on log,2024/04/22 14:12:17,0,0,0,0,0,0,0,824h,DCh,0h,0h,0h
112,60C,Fieldbus FBRS link error,2024/04/19 23:54:08,0,0,0,0,0,0,0,D5Dh,160018h,1211h,0h,0h
113,101,Controller power-on log,2024/04/19 14:09:56,0,0,0,0,0,0,0,824h,DCh,0h,0h,0h
114,60C,Fieldbus FBRS link error,2024/04/18 23:52:49,0,0,0,0,0,0,0,D5Dh,160018h,1211h,0h,0h
115,101,Controller power-on log,2024/04/18 14:50:49,0,0,0,0,0,0,0,824h,DCh,0h,0h,0h
116,60C,Fieldbus FBRS link error,2024/04/17 23:53:09,0,0,0,0,0,0,0,D5Dh,160018h,1211h,0h,0h
117,101,Controller power-on log,2024/04/17 14:22:06,0,0,0,0,0,0,0,824h,DCh,0h,0h,0h
118,60C,Fieldbus FBRS link error,2024/04/17 00:23:43,0,0,0,0,0,0,0,D5Dh,160018h,1211h,0h,0h
119,101,Controller power-on log,2024/04/16 15:01:58,0,0,0,0,0,0,0,824h,DCh,0h,0h,0h
120,60C,Fieldbus FBRS link error,2024/04/16 01:54:35,0,0,0,0,0,0,0,D5Dh,160018h,1211h,0h,0h
121,101,Controller power-on log,2024/04/15 15:22:50,0,0,0,0,0,0,0,824h,DCh,0h,0h,0h
122,60C,Fieldbus FBRS link error,2024/04/13 01:42:33,0,0,0,0,0,0,0,D5Dh,160018h,1211h,0h,0h
123,101,Controller power-on log,2024/04/12 16:44:26,0,0,0,0,0,0,0,824h,DCh,0h,0h,0h
124,60C,Fieldbus FBRS link error,2024/01/12 19:47:00,0,0,0,0,0,0,0,D5Dh,160018h,1211h,0h,0h
125,101,Controller power-on log,2024/01/12 19:41:31,0,0,0,0,0,0,0,824h,DCh,0h,0h,0h
126,60C,Fieldbus FBRS link error,2024/01/12 19:19:22,0,0,0,0,0,0,0,D5Dh,160018h,1211h,0h,0h
127,101,Controller power-on log,2024/01/12 17:12:59,0,0,0,0,0,0,0,824h,DCh,0h,0h,0h
128,60C,Fieldbus FBRS link error,2024/01/12 17:12:44,0,0,0,0,0,0,0,D5Dh,160018h,1211h,0h,0h
129,101,Controller power-on log,2024/01/12 08:19:51,0,0,0,0,0,0,0,824h,DCh,0h,0h,0h
130,60C,Fieldbus FBRS link error,2024/01/11 21:32:19,0,0,0,0,0,0,0,D5Dh,160018h,1211h,0h,0h
131,101,Controller power-on log,2024/01/11 09:55:19,0,0,0,0,0,0,0,824h,DCh,0h,0h,0h
132,60C,Fieldbus FBRS link error,2024/01/09 18:27:22,0,0,0,0,0,0,0,D5Dh,160018h,1211h,0h,0h
133,101,Controller power-on log,2024/01/09 13:54:51,0,0,0,0,0,0,0,824h,DCh,0h,0h,0h
134,60C,Fieldbus FBRS link error,2024/01/09 11:36:56,0,0,0,0,0,0,0,D5Dh,160018h,1211h,0h,0h
135,101,Controller power-on log,2024/01/09 11:03:59,0,0,0,0,0,0,0,824h,DCh,0h,0h,0h
136,60C,Fieldbus FBRS link error,2023/12/27 18:43:20,0,0,0,0,0,0,0,D5Dh,160018h,1211h,0h,0h
137,101,Controller power-on log,2023/12/27 11:03:47,0,0,0,0,0,0,0,824h,DCh,0h,0h,0h
138,60C,Fieldbus FBRS link error,2023/12/26 19:42:53,0,0,0,0,0,0,0,D5Dh,160018h,1211h,0h,0h
139,101,Controller power-on log,2023/12/26 08:05:11,0,0,0,0,0,0,0,824h,DCh,0h,0h,0h
140,60C,Fieldbus FBRS link error,2023/12/25 19:30:29,0,0,0,0,0,0,0,D5Dh,160018h,1211h,0h,0h
141,101,Controller power-on log,2023/12/25 08:07:40,0,0,0,0,0,0,0,824h,DCh,0h,0h,0h
142,60C,Fieldbus FBRS link error,2023/12/22 18:52:07,0,0,0,0,0,0,0,D5Dh,160018h,1211h,0h,0h
143,101,Controller power-on log,2023/12/22 07:32:52,0,0,0,0,0,0,0,824h,DCh,0h,0h,0h
144,60C,Fieldbus FBRS link error,2023/12/21 19:57:18,0,0,0,0,0,0,0,D5Dh,160018h,1211h,0h,0h
145,101,Controller power-on log,2023/12/21 14:39:57,0,0,0,0,0,0,0,824h,DCh,0h,0h,0h
146,60C,Fieldbus FBRS link error,2023/12/21 13:59:00,0,0,0,0,0,0,0,D5Dh,160018h,1211h,0h,0h
147,101,Controller power-on log,2023/12/21 08:36:27,0,0,0,0,0,0,0,824h,DCh,0h,0h,0h
148,60C,Fieldbus FBRS link error,2023/12/20 19:57:11,0,0,0,0,0,0,0,D5Dh,160018h,1211h,0h,0h
149,101,Controller power-on log,2023/12/20 07:16:21,0,0,0,0,0,0,0,824h,DCh,0h,0h,0h
150,60C,Fieldbus FBRS link error,2023/12/19 20:59:23,0,0,0,0,0,0,0,D5Dh,160018h,1211h,0h,0h
151,101,Controller power-on log,2023/12/19 08:32:57,0,0,0,0,0,0,0,824h,DCh,0h,0h,0h
152,60C,Fieldbus FBRS link error,2023/12/19 08:32:41,0,0,0,0,0,0,0,D5Dh,160018h,1211h,0h,0h
153,101,Controller power-on log,2023/12/19 07:47:34,0,0,0,0,0,0,0,824h,DCh,0h,0h,0h
154,60C,Fieldbus FBRS link error,2023/12/18 19:55:23,0,0,0,0,0,0,0,D5Dh,160018h,1211h,0h,0h
155,101,Controller power-on log,2023/12/18 09:51:31,0,0,0,0,0,0,0,824h,DCh,0h,0h,0h
156,60C,Fieldbus FBRS link error,2023/12/18 09:51:15,0,0,0,0,0,0,0,D5Dh,160018h,1211h,0h,0h
157,101,Controller power-on log,2023/12/18 07:57:48,0,0,0,0,0,0,0,824h,DCh,0h,0h,0h
158,60C,Fieldbus FBRS link error,2023/12/15 17:54:51,0,0,0,0,0,0,0,D5Dh,160018h,1211h,0h,0h
159,101,Controller power-on log,2023/12/15 07:57:15,0,0,0,0,0,0,0,824h,DCh,0h,0h,0h
160,60C,Fieldbus FBRS link error,2023/12/14 21:16:11,0,0,0,0,0,0,0,D5Dh,160018h,1211h,0h,0h
161,101,Controller power-on log,2023/12/14 07:02:46,0,0,0,0,0,0,0,824h,DCh,0h,0h,0h
162,60C,Fieldbus FBRS link error,2023/12/13 20:35:14,0,0,0,0,0,0,0,D5Dh,160018h,1211h,0h,0h
163,101,Controller power-on log,2023/12/13 08:21:53,0,0,0,0,0,0,0,824h,DCh,0h,0h,0h
164,60C,Fieldbus FBRS link error,2023/12/12 19:52:11,0,0,0,0,0,0,0,D5Dh,160018h,1211h,0h,0h
165,101,Controller power-on log,2023/12/12 09:47:38,0,0,0,0,0,0,0,824h,DCh,0h,0h,0h
166,60C,Fieldbus FBRS link error,2023/12/11 20:56:51,0,0,0,0,0,0,0,D5Dh,160018h,1211h,0h,0h
167,101,Controller power-on log,2023/12/11 07:55:59,0,0,0,0,0,0,0,824h,DCh,0h,0h,0h
168,60C,Fieldbus FBRS link error,2023/12/08 20:42:33,0,0,0,0,0,0,0,D5Dh,160018h,1211h,0h,0h
169,101,Controller power-on log,2023/12/08 20:22:57,0,0,0,0,0,0,0,824h,DCh,0h,0h,0h
170,60C,Fieldbus FBRS link error,2023/12/08 19:57:03,0,0,0,0,0,0,0,D5Dh,160018h,1211h,0h,0h
171,101,Controller power-on log,2023/12/08 15:45:25,0,0,0,0,0,0,0,824h,DCh,0h,0h,0h
172,60C,Fieldbus FBRS link error,2023/12/08 15:45:03,0,0,0,0,0,0,0,D5Dh,160018h,1211h,0h,0h
173,101,Controller power-on log,2023/12/08 07:55:10,0,0,0,0,0,0,0,824h,DCh,0h,0h,0h
174,60C,Fieldbus FBRS link error,2023/12/07 20:22:50,0,0,0,0,0,0,0,D5Dh,160018h,1211h,0h,0h
175,101,Controller power-on log,2023/12/07 08:51:36,0,0,0,0,0,0,0,824h,DCh,0h,0h,0h
176,60C,Fieldbus FBRS link error,2023/12/06 20:27:54,0,0,0,0,0,0,0,D5Dh,160018h,1211h,0h,0h
177,101,Controller power-on log,2023/12/06 08:30:46,0,0,0,0,0,0,0,824h,DCh,0h,0h,0h
178,60C,Fieldbus FBRS link error,2023/12/05 20:19:07,0,0,0,0,0,0,0,D5Dh,160018h,1211h,0h,0h
179,101,Controller power-on log,2023/12/05 07:56:54,0,0,0,0,0,0,0,824h,DCh,0h,0h,0h
180,60C,Fieldbus FBRS link error,2023/12/04 19:18:57,0,0,0,0,0,0,0,D5Dh,160018h,1211h,0h,0h
181,101,Controller power-on log,2023/12/04 10:22:35,0,0,0,0,0,0,0,824h,DCh,0h,0h,0h
182,60C,Fieldbus FBRS link error,2023/12/01 18:51:56,0,0,0,0,0,0,0,D5Dh,160018h,1211h,0h,0h
183,101,Controller power-on log,2023/12/01 08:02:17,0,0,0,0,0,0,0,824h,DCh,0h,0h,0h
184,60C,Fieldbus FBRS link error,2023/11/30 17:39:22,0,0,0,0,0,0,0,D5Dh,160018h,1211h,0h,0h
185,101,Controller power-on log,2023/11/30 06:33:15,0,0,0,0,0,0,0,824h,DCh,0h,0h,0h
186,60C,Fieldbus FBRS link error,2023/11/29 17:37:35,0,0,0,0,0,0,0,D5Dh,160018h,1211h,0h,0h
187,101,Controller power-on log,2023/11/29 08:04:41,0,0,0,0,0,0,0,824h,DCh,0h,0h,0h
188,60C,Fieldbus FBRS link error,2023/11/28 19:17:40,0,0,0,0,0,0,0,D5Dh,160018h,1211h,0h,0h
189,101,Controller power-on log,2023/11/28 07:59:12,0,0,0,0,0,0,0,824h,DCh,0h,0h,0h
190,60C,Fieldbus FBRS link error,2023/11/27 19:43:13,0,0,0,0,0,0,0,D5Dh,160018h,1211h,0h,0h
191,101,Controller power-on log,2023/11/27 07:58:49,0,0,0,0,0,0,0,824h,DCh,0h,0h,0h
192,60C,Fieldbus FBRS link error,2023/11/24 19:35:29,0,0,0,0,0,0,0,D5Dh,160018h,1211h,0h,0h
193,101,Controller power-on log,2023/11/24 08:49:57,0,0,0,0,0,0,0,824h,DCh,0h,0h,0h
194,60C,Fieldbus FBRS link error,2023/11/23 20:23:31,0,0,0,0,0,0,0,D5Dh,160018h,1211h,0h,0h
195,101,Controller power-on log,2023/11/23 06:55:34,0,0,0,0,0,0,0,824h,DCh,0h,0h,0h
196,60C,Fieldbus FBRS link error,2023/11/22 21:47:11,0,0,0,0,0,0,0,D5Dh,160018h,1211h,0h,0h
197,101,Controller power-on log,2023/11/22 08:05:41,0,0,0,0,0,0,0,824h,DCh,0h,0h,0h
198,60C,Fieldbus FBRS link error,2023/11/21 20:36:18,0,0,0,0,0,0,0,D5Dh,160018h,1211h,0h,0h
199,101,Controller power-on log,2023/11/21 09:03:05,0,0,0,0,0,0,0,824h,DCh,0h,0h,0h
200,60C,Fieldbus FBRS link error,2023/11/21 08:39:09,0,0,0,0,0,0,0,D5Dh,160018h,1211h,0h,0h
201,101,Controller power-on log,2023/11/21 07:20:12,0,0,0,0,0,0,0,824h,DCh,0h,0h,0h
202,60C,Fieldbus FBRS link error,2023/11/20 19:22:07,0,0,0,0,0,0,0,D5Dh,160018h,1211h,0h,0h
203,4AC,Current location soft limit over error,2023/11/20 10:07:37,0,0,1,2,2,0,0,C74h,D9h,4860h,10h,4441h
204,101,Controller power-on log,2023/11/20 10:07:30,0,0,0,0,0,0,0,824h,DCh,0h,0h,0h
205,60C,Fieldbus FBRS link error,2023/11/20 10:07:16,0,0,0,0,0,0,0,D5Dh,160018h,1211h,0h,0h
206,4AC,Current location soft limit over error,2023/11/20 10:06:50,0,0,1,2,2,0,0,C74h,D9h,4860h,10h,4441h
207,101,Controller power-on log,2023/11/20 10:04:49,0,0,0,0,0,0,0,824h,DCh,0h,0h,0h
208,60C,Fieldbus FBRS link error,2023/11/20 10:04:36,0,0,0,0,0,0,0,D5Dh,160018h,1211h,0h,0h
209,101,Controller power-on log,2023/11/20 08:05:54,0,0,0,0,0,0,0,824h,DCh,0h,0h,0h
210,60C,Fieldbus FBRS link error,2023/11/17 20:14:18,0,0,0,0,0,0,0,D5Dh,160018h,1211h,0h,0h
211,101,Controller power-on log,2023/11/17 10:42:30,0,0,0,0,0,0,0,824h,DCh,0h,0h,0h
212,60C,Fieldbus FBRS link error,2023/11/17 10:41:45,0,0,0,0,0,0,0,D5Dh,160018h,1211h,0h,0h
213,101,Controller power-on log,2023/11/17 10:34:21,0,0,0,0,0,0,0,824h,DCh,0h,0h,0h
214,60C,Fieldbus FBRS link error,2023/11/17 10:33:40,0,0,0,0,0,0,0,D5Dh,160018h,1211h,0h,0h
215,101,Controller power-on log,2023/11/17 10:32:54,0,0,0,0,0,0,0,824h,DCh,0h,0h,0h
216,60C,Fieldbus FBRS link error,2023/11/17 10:05:39,0,0,0,0,0,0,0,D5Dh,160018h,1211h,0h,0h
217,101,Controller power-on log,2023/11/17 07:31:41,0,0,0,0,0,0,0,824h,DCh,0h,0h,0h
218,60C,Fieldbus FBRS link error,2023/11/16 20:40:24,0,0,0,0,0,0,0,D5Dh,160018h,1211h,0h,0h
219,101,Controller power-on log,2023/11/16 06:22:02,0,0,0,0,0,0,0,824h,DCh,0h,0h,0h
220,60C,Fieldbus FBRS link error,2023/11/15 16:34:49,0,0,0,0,0,0,0,D5Dh,160018h,1211h,0h,0h
221,101,Controller power-on log,2023/11/15 12:29:29,0,0,0,0,0,0,0,824h,DCh,0h,0h,0h
222,60C,Fieldbus FBRS link error,2023/11/15 12:28:50,0,0,0,0,0,0,0,D5Dh,160018h,1211h,0h,0h
223,101,Controller power-on log,2023/11/15 12:17:24,0,0,0,0,0,0,0,824h,DCh,0h,0h,0h
224,60C,Fieldbus FBRS link error,2023/11/15 12:16:41,0,0,0,0,0,0,0,D5Dh,160018h,1211h,0h,0h
225,101,Controller power-on log,2023/11/15 07:49:49,0,0,0,0,0,0,0,824h,DCh,0h,0h,0h
226,60C,Fieldbus FBRS link error,2023/11/14 20:29:33,0,0,0,0,0,0,0,D5Dh,160018h,1211h,0h,0h
227,101,Controller power-on log,2023/11/14 08:13:25,0,0,0,0,0,0,0,824h,DCh,0h,0h,0h
228,60C,Fieldbus FBRS link error,2023/11/13 19:32:39,0,0,0,0,0,0,0,D5Dh,160018h,1211h,0h,0h
229,101,Controller power-on log,2023/11/13 16:00:48,0,0,0,0,0,0,0,824h,DCh,0h,0h,0h
230,60C,Fieldbus FBRS link error,2023/11/13 16:00:32,0,0,0,0,0,0,0,D5Dh,160018h,1211h,0h,0h
231,101,Controller power-on log,2023/11/13 13:19:27,0,0,0,0,0,0,0,824h,DCh,0h,0h,0h
232,60C,Fieldbus FBRS link error,2023/11/13 12:07:04,0,0,0,0,0,0,0,D5Dh,160018h,1211h,0h,0h
233,101,Controller power-on log,2023/11/13 07:51:29,0,0,0,0,0,0,0,824h,DCh,0h,0h,0h
234,60C,Fieldbus FBRS link error,2023/11/10 19:19:34,0,0,0,0,0,0,0,D5Dh,160018h,1211h,0h,0h
235,101,Controller power-on log,2023/11/10 07:52:35,0,0,0,0,0,0,0,824h,DCh,0h,0h,0h
236,60C,Fieldbus FBRS link error,2023/11/09 19:25:44,0,0,0,0,0,0,0,D5Dh,160018h,1211h,0h,0h
237,101,Controller power-on log,2023/11/09 06:34:03,0,0,0,0,0,0,0,824h,DCh,0h,0h,0h
238,60C,Fieldbus FBRS link error,2023/11/08 19:47:06,0,0,0,0,0,0,0,D5Dh,160018h,1211h,0h,0h
239,101,Controller power-on log,2023/11/08 08:44:43,0,0,0,0,0,0,0,824h,DCh,0h,0h,0h
240,60C,Fieldbus FBRS link error,2023/11/07 19:39:01,0,0,0,0,0,0,0,D5Dh,160018h,1211h,0h,0h
241,101,Controller power-on log,2023/11/07 07:44:33,0,0,0,0,0,0,0,824h,DCh,0h,0h,0h
242,60C,Fieldbus FBRS link error,2023/11/06 20:14:05,0,0,0,0,0,0,0,D5Dh,160018h,1211h,0h,0h
243,101,Controller power-on log,2023/11/06 07:11:06,0,0,0,0,0,0,0,824h,DCh,0h,0h,0h
244,60C,Fieldbus FBRS link error,2023/11/03 18:32:36,0,0,0,0,0,0,0,D5Dh,160018h,1211h,0h,0h
245,101,Controller power-on log,2023/11/03 07:59:44,0,0,0,0,0,0,0,824h,DCh,0h,0h,0h
246,60C,Fieldbus FBRS link error,2023/11/02 20:20:48,0,0,0,0,0,0,0,D5Dh,160018h,1211h,0h,0h
247,101,Controller power-on log,2023/11/02 08:42:41,0,0,0,0,0,0,0,824h,DCh,0h,0h,0h
248,60C,Fieldbus FBRS link error,2023/11/01 21:37:32,0,0,0,0,0,0,0,D5Dh,160018h,1211h,0h,0h
249,101,Controller power-on log,2023/11/01 07:46:35,0,0,0,0,0,0,0,824h,DCh,0h,0h,0h
250,60C,Fieldbus FBRS link error,2023/10/31 22:05:21,0,0,0,0,0,0,0,D5Dh,160018h,1211h,0h,0h
251,101,Controller power-on log,2023/10/31 07:08:23,0,0,0,0,0,0,0,824h,DCh,0h,0h,0h
252,60C,Fieldbus FBRS link error,2023/10/30 20:30:20,0,0,0,0,0,0,0,D5Dh,160018h,1211h,0h,0h
253,101,Controller power-on log,2023/10/30 08:12:22,0,0,0,0,0,0,0,824h,DCh,0h,0h,0h
254,60C,Fieldbus FBRS link error,2023/10/27 22:07:16,0,0,0,0,0,0,0,D5Dh,160018h,1211h,0h,0h
255,101,Controller power-on log,2023/10/27 08:47:21,0,0,0,0,0,0,0,824h,DCh,0h,0h,0h
256,60C,Fieldbus FBRS link error,2023/10/26 20:16:57,0,0,0,0,0,0,0,D5Dh,160018h,1211h,0h,0h
257,101,Controller power-on log,2023/10/26 06:48:44,0,0,0,0,0,0,0,824h,DCh,0h,0h,0h
258,60C,Fieldbus FBRS link error,2023/10/26 06:48:27,0,0,0,0,0,0,0,D5Dh,160018h,1211h,0h,0h
259,101,Controller power-on log,2023/10/26 06:39:21,0,0,0,0,0,0,0,824h,DCh,0h,0h,0h
260,60C,Fieldbus FBRS link error,2023/10/25 19:39:56,0,0,0,0,0,0,0,D5Dh,160018h,1211h,0h,0h
261,101,Controller power-on log,2023/10/25 08:11:51,0,0,0,0,0,0,0,824h,DCh,0h,0h,0h
262,60C,Fieldbus FBRS link error,2023/10/24 19:47:39,0,0,0,0,0,0,0,D5Dh,160018h,1211h,0h,0h
263,101,Controller power-on log,2023/10/24 14:59:35,0,0,0,0,0,0,0,824h,DCh,0h,0h,0h
264,60C,Fieldbus FBRS link error,2023/10/24 14:59:20,0,0,0,0,0,0,0,D5Dh,160018h,1211h,0h,0h
265,101,Controller power-on log,2023/10/24 07:51:37,0,0,0,0,0,0,0,824h,DCh,0h,0h,0h
266,60C,Fieldbus FBRS link error,2023/10/23 19:05:22,0,0,0,0,0,0,0,D5Dh,160018h,1211h,0h,0h
267,101,Controller power-on log,2023/10/23 09:59:19,0,0,0,0,0,0,0,824h,DCh,0h,0h,0h
268,60C,Fieldbus FBRS link error,2023/10/23 09:59:02,0,0,0,0,0,0,0,D5Dh,160018h,1211h,0h,0h
269,101,Controller power-on log,2023/10/23 08:04:03,0,0,0,0,0,0,0,824h,DCh,0h,0h,0h
270,60C,Fieldbus FBRS link error,2023/10/20 20:07:34,0,0,0,0,0,0,0,D5Dh,160018h,1211h,0h,0h
271,101,Controller power-on log,2023/10/20 10:41:21,0,0,0,0,0,0,0,824h,DCh,0h,0h,0h
272,60C,Fieldbus FBRS link error,2023/10/19 19:44:39,0,0,0,0,0,0,0,D5Dh,160018h,1211h,0h,0h
273,101,Controller power-on log,2023/10/19 19:39:10,0,0,0,0,0,0,0,824h,DCh,0h,0h,0h
274,60C,Fieldbus FBRS link error,2023/10/19 19:38:56,0,0,0,0,0,0,0,D5Dh,160018h,1211h,0h,0h
275,101,Controller power-on log,2023/10/19 17:54:56,0,0,0,0,0,0,0,824h,DCh,0h,0h,0h
276,60C,Fieldbus FBRS link error,2023/10/19 17:41:32,0,0,0,0,0,0,0,D5Dh,160018h,1211h,0h,0h
277,4AC,Current location soft limit over error,2023/10/19 16:00:29,0,0,1,2,2,0,0,C74h,D9h,4860h,10h,4441h
278,101,Controller power-on log,2023/10/19 06:54:36,0,0,0,0,0,0,0,824h,DCh,0h,0h,0h
279,60C,Fieldbus FBRS link error,2023/10/18 18:31:33,0,0,0,0,0,0,0,D5Dh,160018h,1211h,0h,0h
280,101,Controller power-on log,2023/10/18 08:32:56,0,0,0,0,0,0,0,824h,DCh,0h,0h,0h
281,60C,Fieldbus FBRS link error,2023/10/18 08:32:21,0,0,0,0,0,0,0,D5Dh,160018h,1211h,0h,0h
282,101,Controller power-on log,2023/10/18 08:25:44,0,0,0,0,0,0,0,824h,DCh,0h,0h,0h
283,60C,Fieldbus FBRS link error,2023/10/17 18:09:45,0,0,0,0,0,0,0,D5Dh,160018h,1211h,0h,0h
284,101,Controller power-on log,2023/10/17 17:44:06,0,0,0,0,0,0,0,824h,DCh,0h,0h,0h
285,60C,Fieldbus FBRS link error,2023/10/16 19:09:22,0,0,0,0,0,0,0,D5Dh,160018h,1211h,0h,0h
286,101,Controller power-on log,2023/10/16 18:28:40,0,0,0,0,0,0,0,824h,DCh,0h,0h,0h
287,60C,Fieldbus FBRS link error,2023/10/16 17:51:16,0,0,0,0,0,0,0,D5Dh,160018h,1211h,0h,0h
288,4AC,Current location soft limit over error,2023/10/16 09:14:38,0,0,2,1,0,0,0,C74h,D9h,C871h,11h,4441h
289,101,Controller power-on log,2023/10/16 08:53:39,0,0,0,0,0,0,0,824h,DCh,0h,0h,0h
290,60C,Fieldbus FBRS link error,2023/10/12 10:05:56,0,0,0,0,0,0,0,D5Dh,160018h,1211h,0h,0h
291,101,Controller power-on log,2023/10/12 09:28:29,0,0,0,0,0,0,0,824h,DCh,0h,0h,0h
292,60C,Fieldbus FBRS link error,2023/10/12 09:28:08,0,0,0,0,0,0,0,D5Dh,160018h,1211h,0h,0h
293,101,Controller power-on log,2023/10/12 08:34:05,0,0,0,0,0,0,0,824h,DCh,0h,0h,0h
294,60C,Fieldbus FBRS link error,2023/10/11 17:18:46,0,0,0,0,0,0,0,D5Dh,160018h,1211h,0h,0h
295,101,Controller power-on log,2023/10/11 08:32:37,0,0,0,0,0,0,0,824h,DCh,0h,0h,0h
296,60C,Fieldbus FBRS link error,2023/10/10 17:05:36,0,0,0,0,0,0,0,D5Dh,160018h,1211h,0h,0h
297,101,Controller power-on log,2023/10/10 16:20:38,0,0,0,0,0,0,0,824h,DCh,0h,0h,0h
298,60C,Fieldbus FBRS link error,2023/10/10 15:59:23,0,0,0,0,0,0,0,D5Dh,160018h,1211h,0h,0h
299,101,Controller power-on log,2023/10/10 10:07:44,0,0,0,0,0,0,0,824h,DCh,0h,0h,0h
300,60C,Fieldbus FBRS link error,2023/10/09 17:40:15,0,0,0,0,0,0,0,D5Dh,160018h,1211h,0h,0h
301,101,Controller power-on log,2023/10/09 08:04:58,0,0,0,0,0,0,0,824h,DCh,0h,0h,0h
302,60C,Fieldbus FBRS link error,2023/10/03 18:19:55,0,0,0,0,0,0,0,D5Dh,160018h,1211h,0h,0h
303,4AC,Current location soft limit over error,2023/10/03 08:06:52,0,0,2,1,0,0,0,C74h,D9h,C871h,11h,4441h
304,101,Controller power-on log,2023/10/03 08:06:32,0,0,0,0,0,0,0,824h,DCh,0h,0h,0h
305,60C,Fieldbus FBRS link error,2023/09/29 19:22:30,0,0,0,0,0,0,0,D5Dh,160018h,1211h,0h,0h
306,4AC,Current location soft limit over error,2023/09/29 14:17:00,0,0,2,1,0,0,0,C74h,D9h,C871h,11h,4441h
307,101,Controller power-on log,2023/09/29 12:45:33,0,0,0,0,0,0,0,824h,DCh,0h,0h,0h
308,60C,Fieldbus FBRS link error,2023/09/29 11:49:52,0,0,0,0,0,0,0,D5Dh,160018h,1211h,0h,0h
309,101,Controller power-on log,2023/09/29 09:27:48,0,0,0,0,0,0,0,824h,DCh,0h,0h,0h
310,60C,Fieldbus FBRS link error,2023/09/28 17:23:57,0,0,0,0,0,0,0,D5Dh,160018h,1211h,0h,0h
311,101,Controller power-on log,2023/09/28 08:08:40,0,0,0,0,0,0,0,824h,DCh,0h,0h,0h
312,60C,Fieldbus FBRS link error,2023/09/27 18:51:33,0,0,0,0,0,0,0,D5Dh,160018h,1211h,0h,0h
313,101,Controller power-on log,2023/09/27 16:45:24,0,0,0,0,0,0,0,824h,DCh,0h,0h,0h
314,60C,Fieldbus FBRS link error,2023/09/27 16:44:51,0,0,0,0,0,0,0,D5Dh,160018h,1211h,0h,0h
315,101,Controller power-on log,2023/09/27 12:58:15,0,0,0,0,0,0,0,824h,DCh,0h,0h,0h
316,60C,Fieldbus FBRS link error,2023/09/27 12:56:41,0,0,0,0,0,0,0,D5Dh,160018h,1211h,0h,0h
317,101,Controller power-on log,2023/09/27 12:49:16,0,0,0,0,0,0,0,824h,DCh,0h,0h,0h
318,60C,Fieldbus FBRS link error,2023/09/27 12:32:30,0,0,0,0,0,0,0,D5Dh,160018h,1211h,0h,0h
319,101,Controller power-on log,2023/09/27 12:32:05,0,0,0,0,0,0,0,824h,DCh,0h,0h,0h
320,60C,Fieldbus FBRS link error,2023/09/27 12:26:24,0,0,0,0,0,0,0,D5Dh,160018h,1211h,0h,0h
321,101,Controller power-on log,2023/09/27 12:18:44,0,0,0,0,0,0,0,824h,DCh,0h,0h,0h
322,60C,Fieldbus FBRS link error,2023/09/27 12:00:32,0,0,0,0,0,0,0,D5Dh,160018h,1211h,0h,0h
323,101,Controller power-on log,2023/09/27 11:48:31,0,0,0,0,0,0,0,824h,DCh,0h,0h,0h
324,60C,Fieldbus FBRS link error,2023/09/27 08:56:33,0,0,0,0,0,0,0,D5Dh,160018h,1211h,0h,0h
325,101,Controller power-on log,2023/09/27 08:52:34,0,0,0,0,0,0,0,824h,DCh,0h,0h,0h
326,60C,Fieldbus FBRS link error,2023/09/26 19:20:06,0,0,0,0,0,0,0,D5Dh,160018h,1211h,0h,0h
327,101,Controller power-on log,2023/09/26 15:19:32,0,0,0,0,0,0,0,824h,DCh,0h,0h,0h
328,60C,Fieldbus FBRS link error,2023/09/26 15:17:55,0,0,0,0,0,0,0,D5Dh,160018h,1211h,0h,0h
329,101,Controller power-on log,2023/09/26 11:04:10,0,0,0,0,0,0,0,824h,DCh,0h,0h,0h
330,60C,Fieldbus FBRS link error,2023/09/26 10:39:16,0,0,0,0,0,0,0,D5Dh,160018h,1211h,0h,0h
331,101,Controller power-on log,2023/09/26 10:29:05,0,0,0,0,0,0,0,824h,DCh,0h,0h,0h
332,60C,Fieldbus FBRS link error,2023/09/26 10:25:50,0,0,0,0,0,0,0,D5Dh,160018h,1211h,0h,0h
333,101,Controller power-on log,2023/09/26 10:03:08,0,0,0,0,0,0,0,824h,DCh,0h,0h,0h
334,60C,Fieldbus FBRS link error,2023/09/26 10:02:13,0,0,0,0,0,0,0,D5Dh,160018h,1211h,0h,0h
335,101,Controller power-on log,2023/09/26 09:32:46,0,0,0,0,0,0,0,824h,DCh,0h,0h,0h
336,60C,Fieldbus FBRS link error,2023/09/26 09:29:15,0,0,0,0,0,0,0,D5Dh,160018h,1211h,0h,0h
337,101,Controller power-on log,2023/09/26 09:20:43,0,0,0,0,0,0,0,824h,DCh,0h,0h,0h
338,60C,Fieldbus FBRS link error,2023/09/26 09:18:45,0,0,0,0,0,0,0,D5Dh,160018h,1211h,0h,0h
339,101,Controller power-on log,2023/09/26 09:09:45,0,0,0,0,0,0,0,824h,DCh,0h,0h,0h
340,60C,Fieldbus FBRS link error,2023/09/26 09:08:27,0,0,0,0,0,0,0,D5Dh,160018h,1211h,0h,0h
341,101,Controller power-on log,2023/09/26 09:05:10,0,0,0,0,0,0,0,824h,DCh,0h,0h,0h
342,60C,Fieldbus FBRS link error,2023/09/26 08:29:54,0,0,0,0,0,0,0,D5Dh,160018h,1211h,0h,0h
343,101,Controller power-on log,2023/09/26 08:22:47,0,0,0,0,0,0,0,824h,DCh,0h,0h,0h
344,60C,Fieldbus FBRS link error,2023/09/26 08:19:24,0,0,0,0,0,0,0,D5Dh,160018h,1211h,0h,0h
345,101,Controller power-on log,2023/09/26 08:15:53,0,0,0,0,0,0,0,824h,DCh,0h,0h,0h
346,60C,Fieldbus FBRS link error,2023/09/25 08:54:21,0,0,0,0,0,0,0,D5Dh,160018h,1211h,0h,0h
347,101,Controller power-on log,2023/09/25 08:40:34,0,0,0,0,0,0,0,824h,DCh,0h,0h,0h
348,60C,Fieldbus FBRS link error,2023/09/23 17:31:20,0,0,0,0,0,0,0,D5Dh,160018h,1211h,0h,0h
349,101,Controller power-on log,2023/09/23 08:36:50,0,0,0,0,0,0,0,824h,DCh,0h,0h,0h
350,60C,Fieldbus FBRS link error,2023/09/22 19:12:18,0,0,0,0,0,0,0,D5Dh,160018h,1211h,0h,0h
351,101,Controller power-on log,2023/09/22 08:11:57,0,0,0,0,0,0,0,824h,DCh,0h,0h,0h
352,60C,Fieldbus FBRS link error,2023/09/21 22:18:43,0,0,0,0,0,0,0,D5Dh,160018h,1211h,0h,0h
353,101,Controller power-on log,2023/09/21 10:34:03,0,0,0,0,0,0,0,824h,DCh,0h,0h,0h
354,60C,Fieldbus FBRS link error,2023/09/20 19:09:41,0,0,0,0,0,0,0,D5Dh,160018h,1211h,0h,0h
355,101,Controller power-on log,2023/09/20 19:00:20,0,0,0,0,0,0,0,824h,DCh,0h,0h,0h
356,60C,Fieldbus FBRS link error,2023/09/20 11:16:02,0,0,0,0,0,0,0,D5Dh,160018h,1211h,0h,0h
357,101,Controller power-on log,2023/09/20 11:12:44,0,0,0,0,0,0,0,824h,DCh,0h,0h,0h
358,60C,Fieldbus FBRS link error,2023/09/19 19:26:00,0,0,0,0,0,0,0,D5Dh,160018h,1211h,0h,0h
359,101,Controller power-on log,2023/09/19 15:34:15,0,0,0,0,0,0,0,824h,DCh,0h,0h,0h
360,60C,Fieldbus FBRS link error,2023/09/19 15:33:46,0,0,0,0,0,0,0,D5Dh,160018h,1211h,0h,0h
361,101,Controller power-on log,2023/09/19 15:22:39,0,0,0,0,0,0,0,824h,DCh,0h,0h,0h
362,60C,Fieldbus FBRS link error,2023/09/19 15:22:15,0,0,0,0,0,0,0,D5Dh,160018h,1211h,0h,0h
363,101,Controller power-on log,2023/09/19 08:57:37,0,0,0,0,0,0,0,824h,DCh,0h,0h,0h
364,60C,Fieldbus FBRS link error,2023/09/18 19:24:04,0,0,0,0,0,0,0,D5Dh,160018h,1211h,0h,0h
365,101,Controller power-on log,2023/09/18 19:16:50,0,0,0,0,0,0,0,824h,DCh,0h,0h,0h
366,60C,Fieldbus FBRS link error,2023/09/18 19:16:21,0,0,0,0,0,0,0,D5Dh,160018h,1211h,0h,0h
367,101,Controller power-on log,2023/09/18 19:09:06,0,0,0,0,0,0,0,824h,DCh,0h,0h,0h
368,60C,Fieldbus FBRS link error,2023/09/18 19:08:34,0,0,0,0,0,0,0,D5Dh,160018h,1211h,0h,0h
369,101,Controller power-on log,2023/09/18 19:00:27,0,0,0,0,0,0,0,824h,DCh,0h,0h,0h
370,60C,Fieldbus FBRS link error,2023/09/18 19:00:02,0,0,0,0,0,0,0,D5Dh,160018h,1211h,0h,0h
371,101,Controller power-on log,2023/09/18 18:55:05,0,0,0,0,0,0,0,824h,DCh,0h,0h,0h
372,60C,Fieldbus FBRS link error,2023/09/18 18:54:30,0,0,0,0,0,0,0,D5Dh,160018h,1211h,0h,0h
373,101,Controller power-on log,2023/09/18 18:49:38,0,0,0,0,0,0,0,824h,DCh,0h,0h,0h
374,60C,Fieldbus FBRS link error,2023/09/18 18:48:49,0,0,0,0,0,0,0,D5Dh,160018h,1211h,0h,0h
375,101,Controller power-on log,2023/09/18 18:25:20,0,0,0,0,0,0,0,824h,DCh,0h,0h,0h
376,60C,Fieldbus FBRS link error,2023/09/18 18:24:55,0,0,0,0,0,0,0,D5Dh,160018h,1211h,0h,0h
377,101,Controller power-on log,2023/09/18 09:38:14,0,0,0,0,0,0,0,824h,DCh,0h,0h,0h
378,60C,Fieldbus FBRS link error,2023/09/15 20:06:34,0,0,0,0,0,0,0,D5Dh,160018h,1211h,0h,0h
379,4AC,Current location soft limit over error,2023/09/15 09:13:35,0,0,1,2,2,0,0,C74h,D9h,4860h,10h,4441h
380,101,Controller power-on log,2023/09/15 08:08:11,0,0,0,0,0,0,0,824h,DCh,0h,0h,0h
381,60C,Fieldbus FBRS link error,2023/09/14 19:57:57,0,0,0,0,0,0,0,D5Dh,160018h,1211h,0h,0h
382,101,Controller power-on log,2023/09/14 08:36:53,0,0,0,0,0,0,0,824h,DCh,0h,0h,0h
383,60C,Fieldbus FBRS link error,2023/09/13 19:25:58,0,0,0,0,0,0,0,D5Dh,160018h,1211h,0h,0h
384,101,Controller power-on log,2023/09/13 07:59:22,0,0,0,0,0,0,0,824h,DCh,0h,0h,0h
385,60C,Fieldbus FBRS link error,2023/09/12 20:07:24,0,0,0,0,0,0,0,D5Dh,160018h,1211h,0h,0h
386,42E,Actuator control declaration error,2023/09/12 15:31:55,51,28,0,0,0,0,0,C25h,0h,0h,0h,0h
387,101,Controller power-on log,2023/09/12 10:39:15,0,0,0,0,0,0,0,824h,DCh,0h,0h,0h
388,60C,Fieldbus FBRS link error,2023/09/12 10:12:31,0,0,0,0,0,0,0,D5Dh,160018h,1211h,0h,0h
389,101,Controller power-on log,2023/09/12 10:00:51,0,0,0,0,0,0,0,824h,DCh,0h,0h,0h
390,60C,Fieldbus FBRS link error,2023/09/12 09:41:40,0,0,0,0,0,0,0,D5Dh,160018h,1211h,0h,0h
391,101,Controller power-on log,2023/09/12 08:40:26,0,0,0,0,0,0,0,824h,DCh,0h,0h,0h
392,60C,Fieldbus FBRS link error,2023/09/11 19:22:05,0,0,0,0,0,0,0,D5Dh,160018h,1211h,0h,0h
393,101,Controller power-on log,2023/09/11 09:05:02,0,0,0,0,0,0,0,824h,DCh,0h,0h,0h
394,60C,Fieldbus FBRS link error,2023/09/09 15:23:26,0,0,0,0,0,0,0,D5Dh,160018h,1211h,0h,0h
395,101,Controller power-on log,2023/09/09 09:16:44,0,0,0,0,0,0,0,824h,DCh,0h,0h,0h
396,60C,Fieldbus FBRS link error,2023/09/08 19:17:01,0,0,0,0,0,0,0,D5Dh,160018h,1211h,0h,0h
397,101,Controller power-on log,2023/09/08 15:46:28,0,0,0,0,0,0,0,824h,DCh,0h,0h,0h
398,60C,Fieldbus FBRS link error,2023/09/08 15:20:36,0,0,0,0,0,0,0,D5Dh,160018h,1211h,0h,0h
399,101,Controller power-on log,2023/09/08 15:16:49,0,0,0,0,0,0,0,824h,DCh,0h,0h,0h
400,60C,Fieldbus FBRS link error,2023/09/08 15:16:21,0,0,0,0,0,0,0,D5Dh,160018h,1211h,0h,0h

Axes Grp. No.,Axis No.,Unit No.,Drv. No.,Driver unit name,Version,Serial code,
1,1,1,0,RCON-SC,AA17000D,B30330760       

,Err,Message,Date,Addr.,Dtl. code
1,="FFF",PowerUP No Error,----/--/-- --:--:--,----,="0000"
2,="0D9",Software stroke limit exceeded,2023/09/07 09:40:32,----,="0001"
3,="FFF",PowerUP No Error,----/--/-- --:--:--,----,="0000"
4,="0D9",Software stroke limit exceeded,2023/09/06 18:14:14,----,="0001"
5,="FFF",PowerUP No Error,----/--/-- --:--:--,----,="0000"
6,="0EE",Absolute encoder error detection 2,----/--/-- --:--:--,----,="0020"
7,="FFF",PowerUP No Error,----/--/-- --:--:--,----,="0000"
8,="0EE",Absolute encoder error detection 2,----/--/-- --:--:--,----,="0020"
9,="FFF",PowerUP No Error,----/--/-- --:--:--,----,="0000"
10,="0EE",Absolute encoder error detection 2,----/--/-- --:--:--,----,="0020"
11,="FFF",PowerUP No Error,----/--/-- --:--:--,----,="0000"
12,="0EE",Absolute encoder error detection 2,----/--/-- --:--:--,----,="0020"
13,="FFF",PowerUP No Error,----/--/-- --:--:--,----,="0000"
14,="0EE",Absolute encoder error detection 2,----/--/-- --:--:--,----,="0020"
15,="FFF",PowerUP No Error,----/--/-- --:--:--,----,="0000"
16,="0EE",Absolute encoder error detection 2,----/--/-- --:--:--,----,="0020"
17,="FFF",PowerUP No Error,----/--/-- --:--:--,----,="0000"
18,="0EE",Absolute encoder error detection 2,----/--/-- --:--:--,----,="0020"
19,="FFF",PowerUP No Error,----/--/-- --:--:--,----,="0000"
20,="0EE",Absolute encoder error detection 2,----/--/-- --:--:--,----,="0020"
21,="FFF",PowerUP No Error,----/--/-- --:--:--,----,="0000"
22,="0EE",Absolute encoder error detection 2,----/--/-- --:--:--,----,="0020"
23,="FFF",PowerUP No Error,----/--/-- --:--:--,----,="0000"
24,="0EE",Absolute encoder error detection 2,----/--/-- --:--:--,----,="0020"
25,="FFF",PowerUP No Error,----/--/-- --:--:--,----,="0000"
26,="0EE",Absolute encoder error detection 2,----/--/-- --:--:--,----,="0020"
27,="FFF",PowerUP No Error,----/--/-- --:--:--,----,="0000"
28,="0EE",Absolute encoder error detection 2,----/--/-- --:--:--,----,="0020"
29,="FFF",PowerUP No Error,----/--/-- --:--:--,----,="0000"
30,="0EE",Absolute encoder error detection 2,----/--/-- --:--:--,----,="0020"
31,="FFF",PowerUP No Error,----/--/-- --:--:--,----,="0000"
32,="0EE",Absolute encoder error detection 2,----/--/-- --:--:--,----,="0020"

Axes Grp. No.,Axis No.,Unit No.,Drv. No.,Driver unit name,Version,Serial code,
1,2,2,0,RCON-SC,AA17000D,B30330761       

,Err,Message,Date,Addr.,Dtl. code
1,="FFF",PowerUP No Error,----/--/-- --:--:--,----,="0000"
2,="0D9",Software stroke limit exceeded,2023/11/20 10:07:36,----,="0001"
3,="FFF",PowerUP No Error,----/--/-- --:--:--,----,="0000"
4,="0D9",Software stroke limit exceeded,2023/11/20 10:06:50,----,="0001"
5,="FFF",PowerUP No Error,----/--/-- --:--:--,----,="0000"
6,="0D9",Software stroke limit exceeded,2023/10/19 16:00:28,----,="0001"
7,="FFF",PowerUP No Error,----/--/-- --:--:--,----,="0000"
8,="0D9",Software stroke limit exceeded,2023/09/15 09:13:35,----,="0002"
9,="FFF",PowerUP No Error,----/--/-- --:--:--,----,="0000"
10,="0D9",Software stroke limit exceeded,2023/09/07 09:41:15,----,="0001"
11,="FFF",PowerUP No Error,----/--/-- --:--:--,----,="0000"
12,="0D9",Software stroke limit exceeded,2023/09/06 18:15:47,----,="0001"
13,="FFF",PowerUP No Error,----/--/-- --:--:--,----,="0000"
14,,,,,
15,,,,,
16,,,,,
17,,,,,
18,,,,,
19,,,,,
20,,,,,
21,,,,,
22,,,,,
23,,,,,
24,,,,,
25,,,,,
26,,,,,
27,,,,,
28,,,,,
29,,,,,
30,,,,,
31,,,,,
32,,,,,

Axes Grp. No.,Axis No.,Unit No.,Drv. No.,Driver unit name,Version,Serial code,
1,3,3,0,RCON-SC,AA17000D,B30330764       

,Err,Message,Date,Addr.,Dtl. code
1,="FFF",PowerUP No Error,----/--/-- --:--:--,----,="0000"
2,="0EE",Absolute encoder error detection 2,----/--/-- --:--:--,----,="0020"
3,="FFF",PowerUP No Error,----/--/-- --:--:--,----,="0000"
4,="0EE",Absolute encoder error detection 2,----/--/-- --:--:--,----,="0020"
5,="FFF",PowerUP No Error,----/--/-- --:--:--,----,="0000"
6,="0EE",Absolute encoder error detection 2,----/--/-- --:--:--,----,="0020"
7,="FFF",PowerUP No Error,----/--/-- --:--:--,----,="0000"
8,="0EE",Absolute encoder error detection 2,----/--/-- --:--:--,----,="0020"
9,="FFF",PowerUP No Error,----/--/-- --:--:--,----,="0000"
10,="0EE",Absolute encoder error detection 2,----/--/-- --:--:--,----,="0020"
11,="FFF",PowerUP No Error,----/--/-- --:--:--,----,="0000"
12,="0EE",Absolute encoder error detection 2,----/--/-- --:--:--,----,="0020"
13,="FFF",PowerUP No Error,----/--/-- --:--:--,----,="0000"
14,="0EE",Absolute encoder error detection 2,----/--/-- --:--:--,----,="0020"
15,="FFF",PowerUP No Error,----/--/-- --:--:--,----,="0000"
16,="0EE",Absolute encoder error detection 2,----/--/-- --:--:--,----,="0020"
17,="FFF",PowerUP No Error,----/--/-- --:--:--,----,="0000"
18,="0EE",Absolute encoder error detection 2,----/--/-- --:--:--,----,="0020"
19,="FFF",PowerUP No Error,----/--/-- --:--:--,----,="0000"
20,="0EE",Absolute encoder error detection 2,----/--/-- --:--:--,----,="0020"
21,="FFF",PowerUP No Error,----/--/-- --:--:--,----,="0000"
22,="0EE",Absolute encoder error detection 2,----/--/-- --:--:--,----,="0020"
23,="FFF",PowerUP No Error,----/--/-- --:--:--,----,="0000"
24,="0EE",Absolute encoder error detection 2,----/--/-- --:--:--,----,="0020"
25,="FFF",PowerUP No Error,----/--/-- --:--:--,----,="0000"
26,="0EE",Absolute encoder error detection 2,----/--/-- --:--:--,----,="0020"
27,="FFF",PowerUP No Error,----/--/-- --:--:--,----,="0000"
28,="0EE",Absolute encoder error detection 2,----/--/-- --:--:--,----,="0020"
29,="FFF",PowerUP No Error,----/--/-- --:--:--,----,="0000"
30,="0EE",Absolute encoder error detection 2,----/--/-- --:--:--,----,="0020"
31,="0EE",Absolute encoder error detection 2,----/--/-- --:--:--,----,="0020"
32,="0EE",Absolute encoder error detection 2,----/--/-- --:--:--,----,="0020"

Axes Grp. No.,Axis No.,Unit No.,Drv. No.,Driver unit name,Version,Serial code,
2,1,0,0,RCON-PCF,AE5B000C,B30451461       

,Err,Message,Date,Addr.,Dtl. code
1,="FFF",PowerUP No Error,----/--/-- --:--:--,----,="000C"
2,="0D9",Software stroke limit exceeded,2023/10/16 09:14:38,----,="0002"
3,="FFF",PowerUP No Error,----/--/-- --:--:--,----,="000C"
4,="0D9",Software stroke limit exceeded,2023/10/03 08:06:52,----,="0002"
5,="FFF",PowerUP No Error,----/--/-- --:--:--,----,="000C"
6,="0D9",Software stroke limit exceeded,2023/09/29 14:17:00,----,="0002"
7,="FFF",PowerUP No Error,----/--/-- --:--:--,----,="000C"
8,="0EE",Absolute encoder error detection 2,----/--/-- --:--:--,----,="0022"
9,="FFF",PowerUP No Error,----/--/-- --:--:--,----,="000C"
10,="0E5",Encoder Receipt Error,----/--/-- --:--:--,----,="000C"
11,="FFF",PowerUP No Error,----/--/-- --:--:--,----,="000C"
12,="0E5",Encoder Receipt Error,----/--/-- --:--:--,----,="000C"
13,="FFF",PowerUP No Error,----/--/-- --:--:--,----,="000C"
14,="0E5",Encoder Receipt Error,----/--/-- --:--:--,----,="000C"
15,="FFF",PowerUP No Error,----/--/-- --:--:--,----,="000C"
16,="0E5",Encoder Receipt Error,----/--/-- --:--:--,----,="000C"
17,="FFF",PowerUP No Error,----/--/-- --:--:--,----,="000C"
18,="0E5",Encoder Receipt Error,----/--/-- --:--:--,----,="000C"
19,="FFF",PowerUP No Error,----/--/-- --:--:--,----,="000C"
20,="0E5",Encoder Receipt Error,----/--/-- --:--:--,----,="000C"
21,="FFF",PowerUP No Error,----/--/-- --:--:--,----,="000C"
22,="0E5",Encoder Receipt Error,----/--/-- --:--:--,----,="000C"
23,="FFF",PowerUP No Error,----/--/-- --:--:--,----,="000C"
24,="0E5",Encoder Receipt Error,----/--/-- --:--:--,----,="000C"
25,="FFF",PowerUP No Error,----/--/-- --:--:--,----,="000C"
26,="0E5",Encoder Receipt Error,----/--/-- --:--:--,----,="000C"
27,="FFF",PowerUP No Error,----/--/-- --:--:--,----,="000C"
28,="0E5",Encoder Receipt Error,----/--/-- --:--:--,----,="000C"
29,="FFF",PowerUP No Error,----/--/-- --:--:--,----,="000C"
30,="0E5",Encoder Receipt Error,----/--/-- --:--:--,----,="000C"
31,="FFF",PowerUP No Error,----/--/-- --:--:--,----,="000C"
32,="0E5",Encoder Receipt Error,----/--/-- --:--:--,----,="000C"
